{
    "русский язык": {
        "main": ["28.05"],
        "reserve": ["20.06"]
    },
    "география": {
        "main": ["23.05"],
        "reserve": ["21.06"]
    },
    "литература": {
        "main": ["23.05"],
        "reserve": ["21.06"]
    },
    "химия": {
        "main": ["23.05"],
        "reserve": ["25.06"]
    },
    "математика": {
        "main": ["31.05"],
        "reserve": ["24.06"]
    },
    "обществознание": {
        "main": ["04.06"],
        "reserve": ["25.06"]
    },
    "информатика": {
        "main": ["07.06"],
        "reserve": ["25.06"]
    },
    "история": {
        "main": ["10.06"],
        "reserve": ["26.06"]
    },
    "физика": {
        "main": ["10.06"],
        "reserve": ["21.06"]
    },
    "биология": {
        "main": ["13.06"],
        "reserve": ["27.06"]
    },
    "иностранные языки": {
        "main": ["13.06", "17.06", "18.06"],
        "reserve": ["26.06", "27.06"]
    }
}